{
  "features": {
    "f4": {
      "bin_edges": [
        0.999999,
        1.5,
        2.5,
        3.5,
        4.5,
        5.000001
      ],
      "expected": [
        0.9384666666666667,
        0.032933333333333335,
        0.019533333333333333,
        0.0078,
        0.0012666666666666666
      ],
      "mean": 1.1004666666666667,
      "std": 0.43753832086141015
    },
    "f5": {
      "bin_edges": [
        0.0,
        1e-06,
        2e-06,
        3e-06,
        4e-06,
        9.26548033952713,
        92.05225496292124,
        132.6865034222603,
        179.1583250999452,
        238.19524576663972,
        299.93386006355286
      ],
      "expected": [
        0.48173333333333335,
        0.0,
        0.0,
        0.0,
        0.018266666666666667,
        0.1,
        0.1,
        0.1,
        0.1,
        0.1
      ],
      "mean": 79.91251241513143,
      "std": 96.06369054900274
    },
    "f6": {
      "bin_edges": [
        0.0,
        1e-06,
        2e-06,
        3e-06,
        4e-06,
        4.9999999999999996e-06,
        5.999999999999999e-06,
        6.999999999999999e-06,
        8e-06,
        14.7992070555687,
        147.03191256523132
      ],
      "expected": [
        0.8682,
        0.0,
        0.0,
        0.0,
        0.0,
        0.0,
        0.0,
        0.0,
        0.0318,
        0.1
      ],
      "mean": 5.288204903206858,
      "std": 17.5096496018443
    },
    "f7": {
      "bin_edges": [
        0.2757832576722402,
        0.2998858539966423,
        0.3046318404207214,
        0.30840299623343437,
        0.3248020766573299,
        0.6151929756539465,
        0.6585636490181401,
        0.6675575828752555,
        0.7028311048044474,
        0.8942635041594453,
        0.9996646498695336
      ],
      "expected": [
        0.1,
        0.1,
        0.1,
        0.1,
        0.1,
        0.1,
        0.1,
        0.1,
        0.1,
        0.1
      ],
      "mean": 0.534015019626329,
      "std": 0.22553043973643377
    },
    "f8": {
      "bin_edges": [
        -0.5,
        0.5,
        1.5
      ],
      "expected": [
        0.8175333333333333,
        0.18246666666666667
      ],
      "mean": 0.18246666666666667,
      "std": 0.38622866571789083
    }
  }
}